stat,p_value,cliffs_delta
0.009294657785818061,0.8749895063610735,0.0014804977660827778
