stat,p_value,cliffs_delta
0.022616040347559152,0.0323069790687639,-0.01321423676780964
