regimen,foraging_label
anticiclónico,0.040232268768146
ciclónico,0.03610034672649398
neutro,0.04064039408866995
