regimen,mean,std,count
anticiclónico,0.33065941548382316,0.2708351228673529,4822.0
ciclónico,0.2583084354037523,0.22703335218515958,4903.0
neutro,0.24064926503624515,0.23531449683996464,2436.0
